.mode columns
.headers on

PRAGMA foreign_keys = ON;
-- Inserir registos na tabela UTILIZADOR
INSERT INTO Utilizador (id, nome, bio, genero, dataNascimento, dataEntrada, nSeguidores, nPontos, nSeguindo, email, uPassword)
VALUES 
(1, 'Nuno Silva', 'I <3 movies', 'M', '1995-06-15', '2023-01-10', 20,10,11, 'nuno.silva12@gmail.com', 'pass1234'),
(2, 'Maria José', 'Amante de séries e filmes', 'F', '1990-08-25', '2023-02-14', 36,23,4, 'maria.jose@gmail.com', 'mypass2024'),
(3, 'Leandro Nunes', 'UP Student', 'M', '2004-03-22', '2021-05-15', 23,12,14, 'leanunes@gmail.com', 'souoleandro'),
(4, 'Cristina Amélia', 'Sou a Cris', 'F', '2000-08-25', '2023-01-11', 12,32,67, 'crisamel@gmail.com', '23lopes23'),
(5, 'Rodrigo Gomes', 'Chef de cozinha', 'M', '1986-06-15', '2022-06-10', 21,23,34, 'rodrigomes@gmail.com', '123__pass'),
(6, 'Cristiano Rodrigues', 'Adoro séries e filmes', 'M', '1996-08-25', '2021-04-18', 36,12,45, 'crisrodri12@gmail.com', '1224Roni'),
(7, 'Francisco Sousa', 'Fã de Breaking Bad', 'M', '2002-06-29', '2021-05-15', 24,25,34, 'chicosousa@gmail.com', 'chicao1234'),
(8, 'Sara Costa', 'Sarita', 'F', '2005-08-25', '2020-06-12', 29, 10, 4, 'saracosta@gmail.com', 'sarita_*2005'),
(9, 'Maria Carla', 'Amante de filmes', 'F', '1994-03-28', '2023-06-12', 11,10,23, 'marycarla@gmail.com', 'pass2005mary'),
(10, 'Leonardo Pina', 'Student', 'M', '2003-03-22', '2023-01-15', 15,11,22, 'leopina22@gmail.com', 'leopin1356'),
(11, 'Joana Pereira', 'Gamer and tech enthusiast', 'F', '1999-11-05', '2021-07-20', 45, 18, 30, 'joana.pereira@gmail.com', 'joanagamer99'),
(12, 'Miguel Oliveira', 'Motorcycle racer fan', 'M', '1992-01-15', '2020-03-11', 60, 22, 50, 'miguel.oliveira@gmail.com', 'fastandfurious'),
(13, 'Ana Monteiro', 'Bookworm', 'F', '1988-07-19', '2022-02-01', 33, 15, 40, 'ana.monteiro@gmail.com', 'reading4life'),
(14, 'Pedro Silva', 'Photographer & traveler', 'M', '1990-09-23', '2021-09-30', 55, 20, 25, 'pedro.silva.photo@gmail.com', 'snapshots2023'),
(15, 'Luís Martins', 'Soccer lover', 'M', '1985-02-11', '2020-08-15', 77, 34, 60, 'luismartins@gmail.com', 'goalkeeper85'),
(16, 'Rita Ferreira', 'Yoga and mindfulness coach', 'F', '1991-06-01', '2023-05-05', 29, 10, 19, 'ritayoga@gmail.com', 'ompeace2023'),
(17, 'Tiago Almeida', 'Aspiring chef', 'M', '2000-03-18', '2022-12-22', 40, 25, 32, 'tiago.almeida@gmail.com', 'masterchef2000'),
(18, 'Clara Santos', 'Digital artist', 'F', '1997-10-10', '2021-04-04', 37, 18, 27, 'clara.art@gmail.com', 'createandthrive'),
(19, 'Bruno Costa', 'Fitness trainer', 'M', '1993-12-31', '2020-11-01', 95, 50, 80, 'brunofit@gmail.com', 'fitlife93'),
(20, 'Helena Matos', 'Nature photographer', 'F', '1982-05-05', '2019-10-10', 85, 42, 70, 'helenamatos@gmail.com', 'naturelover82'),
(21, 'Alex Teixeira', 'Travel blogger', 'M', '1994-08-22', '2021-06-15', 90, 48, 78, 'alextravels@gmail.com', 'passport94'),
(22, 'Carolina Vieira', 'Music composer', 'F', '1998-11-02', '2023-01-01', 20, 12, 15, 'carolinavieira@gmail.com', 'harmonizer98'),
(23, 'Ricardo Ramos', 'Coding ninja', 'M', '2002-07-15', '2022-07-18', 50, 35, 40, 'ricardo.ramos@gmail.com', 'code4fun2022'),
(24, 'Daniel Correia', 'History buff', 'M', '1996-01-25', '2020-02-02', 25, 14, 20, 'daniel.correia@gmail.com', 'ancient96'),
(25, 'Sofia Ribeiro', 'Painter and sculptor', 'F', '1987-03-30', '2021-08-19', 65, 30, 50, 'sofia.ribeiro@gmail.com', 'artisthands87');


-- Inserir Seguidores
INSERT INTO Seguir (idSegue, idSeguido) 
VALUES 
(1, 2), 
(1, 3), 
(2, 4), 
(3, 5), 
(4, 1), 
(5, 2), 
(6,8), 
(6,10), 
(7,1), 
(7,4), 
(7,9),
(8,9),
(9,4),
(9,6),
(10,1),
(10,3),
(10,7),
(11, 12),
(11, 14),
(12, 15),
(13, 16),
(14, 17),
(15, 18),
(16, 11),
(17, 19),
(18, 20),
(19, 21),
(20, 13),
(21, 23),
(22, 24),
(23, 25),
(24, 12),
(25, 14),
(15, 22),
(19, 18),
(21, 20),
(22, 11),
(23, 19),
(24, 16);

-- Inserir Faixa Etária
INSERT INTO FaixaEtaria (id, idadeInicio, idadeFim) 
VALUES 
(1, 0, 12), 
(2, 13, 17), 
(3, 18, 99), 
(4, 65, 99);

-- Inserir Itens
INSERT INTO Item (id, nome, tipo, descricao, classificacao, idFaixaEtaria) 
VALUES 
(1, 'O Senhor dos Anéis', 'Filme', 'Uma jornada épica na Terra Média.', 9, 3),
(2, 'Stranger Things', 'Série', 'Mistério e aventura sobrenatural.', 8, 3),
(3, 'À Procura da Felicidade', 'Filme', 'Um homem luta por uma vida melhor.', 8, 3),
(4, 'Brooklyn Nine-Nine', 'Série', 'Comédia policial.', 9, 2),
(5, 'O Rei Leão', 'Filme', 'A jornada de Simba para se tornar rei.', 10, 1),
(6, 'Orgulho e Preconceito', 'Filme', 'Uma história clássica de romance.', 8, 4),
(7, 'Breaking Bad', 'Série', 'A transformação de um professor de química.', 10, 3),
(8, 'Intocáveis', 'Filme', 'Uma amizade inesperada.', 9, 2),
(9, 'Interestelar', 'Filme', 'Uma missão de sobrevivência no espaço.', 10, 3),
(10, 'Black Mirror', 'Série', 'Histórias sobre tecnologia e sociedade.', 9, 4),
(11, 'Matrix', 'Filme', 'Uma luta contra uma realidade virtual.', 9, 4),
(12, 'A Bela e o Monstro', 'Filme', 'Uma história encantada sobre amor e redenção.', 9, 1),
(13, 'A Casa de Papel', 'Série', 'Um grupo de ladrões planeia o maior assalto da história.', 8, 3),
(14, 'Harry Potter e a Pedra Filosofal', 'Filme', 'Um jovem descobre ser um feiticeiro e embarca numa aventura mágica.', 10, 2),
(15, 'Chernobyl', 'Série', 'Relato dramático do desastre nuclear de 1986.', 9, 4),
(16, 'Frozen: O Reino do Gelo', 'Filme', 'Duas irmãs enfrentam os seus medos e descobrem o poder do amor.', 9, 1),
(17, 'Sherlock', 'Série', 'As aventuras do famoso detective britânico nos tempos modernos.', 9, 3),
(18, 'O Código Da Vinci', 'Filme', 'Um mistério baseado em símbolos e segredos religiosos.', 8, 3),
(19, 'The Crown', 'Série', 'A história do reinado da Rainha Isabel II.', 9, 4),
(20, 'Ratatui', 'Filme', 'Um rato com um talento especial para cozinhar em Paris.', 10, 1),
(21, 'Game of Thrones', 'Série', 'Conflitos entre famílias pelo Trono de Ferro num mundo medieval.', 9, 4),
(22, 'Shrek', 'Filme', 'Um ogre embarca numa jornada para salvar uma princesa.', 9, 1),
(23, 'O Hobbit', 'Filme', 'A aventura de Bilbo Baggins para ajudar os anões a recuperar a sua terra.', 9, 2),
(24, 'Mindhunter', 'Série', 'Investigação de mentes criminosas no início da psicologia forense.', 8, 3),
(25, 'Coco', 'Filme', 'Um rapaz viaja ao mundo dos mortos para desvendar a sua herança familiar.', 10, 1);


-- Inserir Filmes
INSERT INTO Filme (idItem, dataLancamento, duracao, localFilmagem, linguagem) 
VALUES 
(1, '2001-12-19', 178, 'Nova Zelândia', 'Inglês'),
(3, '2006-12-15', 117, 'EUA', 'Inglês'),
(5, '1994-06-15', 89, 'EUA', 'Inglês'),
(6, '2005-11-11', 129, 'Reino Unido', 'Inglês'),
(8, '2011-11-02', 112, 'França', 'Francês'),
(9, '2014-11-05', 169, 'EUA', 'Inglês'),
(11, '1999-03-31', 136, 'EUA', 'Inglês'),
(12, '1991-11-22', 84, 'EUA', 'Inglês'),
(14, '2001-11-16', 152, 'Reino Unido', 'Inglês'),
(16, '2013-11-27', 102, 'EUA', 'Inglês'),
(18, '2006-05-19', 149, 'França', 'Inglês'),
(20, '2007-06-29', 111, 'França', 'Inglês'),
(22, '2001-05-18', 90, 'EUA', 'Inglês'),
(23, '2012-12-13', 169, 'Nova Zelândia', 'Inglês'),
(25, '2017-10-27', 109, 'México', 'Espanhol');

-- Inserir Séries
INSERT INTO Serie (idItem, dataInicio, dataFim, nTemporadas) 
VALUES 
(2, '2016-07-15', NULL, 5),
(4, '2013-09-17', '2021-09-16', 8),
(7, '2008-01-20', '2013-09-29', 5),
(10, '2011-12-04', NULL, 6),
(13, '2017-05-02', '2021-12-03', 5),
(15, '2019-05-06', '2019-06-03', 1),
(17, '2010-07-25', '2017-01-15', 4),
(19, '2016-11-04', NULL, 6),
(21, '2011-04-17', '2019-05-19', 8),
(24, '2017-10-13', '2019-08-16', 2);

-- Inserir Temporadas
INSERT INTO Temporada (id, numero, nEpisodios, descricao, idSerie) 
VALUES 
(1, 1, 8, 'Primeira temporada.', 2),
(2, 2, 10, 'Segunda temporada de mistério e aventura.', 2),
(3, 1, 22, 'Primeira temporada da comédia policial.', 4),
(4, 2, 20, 'Segunda temporada de comédia policial.', 4),
(5, 1, 7, 'Começo do drama.', 7),
(6, 2, 8, 'Continuação do drama, com novos desafios.', 7),
(7, 1, 5, 'Histórias independentes.', 10),
(8, 2, 6, 'Segunda temporada de ficção científica e distopia.', 10),
(9, 1, 13, 'Primeira temporada de mistério e suspense.', 13),
(10, 2, 14, 'Segunda temporada com mais mistérios e reviravoltas.', 13),
(11, 1, 12, 'Primeira temporada sobre uma organização criminosa.', 15),
(12, 2, 11, 'Segunda temporada sobre os efeitos de uma grande perda.', 15),
(13, 1, 9, 'Primeira temporada com investigações de crimes em Nova Iorque.', 17),
(14, 2, 10, 'Segunda temporada com mais mistérios a serem desvendados.', 17),
(15, 1, 10, 'Primeira temporada de ficção científica e tecnologia.', 19),
(16, 2, 9, 'Segunda temporada com novas descobertas tecnológicas.', 19),
(17, 1, 6, 'Primeira temporada sobre uma amizade improvável.', 21),
(18, 2, 7, 'Segunda temporada com mais desafios de amizade e superação.', 21),
(19, 1, 8, 'Primeira temporada de drama psicológico.', 24),
(20, 2, 8, 'Segunda temporada de drama psicológico, com mais tensão e mistérios.', 24);;

-- Inserir Episódios
INSERT INTO Episodio (id, numero, nome, dataLancamento, duracao, descricao, idFaixaEtaria, localFilmagem, linguagem, idTemporada) 
VALUES 
(1, 1, 'O Começo', '2016-07-15', 50, 'Introdução ao universo.', 3, 'EUA', 'Inglês', 1),
(2, 2, 'O Mistério Inicial', '2016-07-22', 55, 'O primeiro mistério a ser resolvido.', 3, 'EUA', 'Inglês', 1),
(3, 3, 'A Caçada', '2016-07-29', 52, 'A caça ao responsável pelos crimes.', 3, 'EUA', 'Inglês', 1),
(4, 1, 'Primeira Investigação', '2013-09-17', 22, 'Um caso divertido.', 2, 'EUA', 'Inglês', 2),
(5, 2, 'Mistério no Bairro', '2013-09-24', 25, 'A investigação se aprofunda no bairro.', 2, 'EUA', 'Inglês', 2),
(6, 3, 'O Caso do Século', '2013-10-01', 28, 'A grande investigação do caso mais complexo.', 2, 'EUA', 'Inglês', 2),
(7, 1, 'Química Letal', '2008-01-20', 45, 'Walter White faz a sua escolha.', 3, 'EUA', 'Inglês', 3),
(8, 2, 'Transformação', '2008-01-27', 46, 'Walter começa a sua jornada como criminoso.', 3, 'EUA', 'Inglês', 3),
(9, 3, 'Desafio Moral', '2008-02-03', 48, 'As escolhas de Walter começam a afetar todos à sua volta.', 3, 'EUA', 'Inglês', 3),
(10, 1, 'Tecnologia Distópica', '2011-12-04', 60, 'História sobre as redes sociais.', 4, 'Reino Unido', 'Inglês', 4),
(11, 2, 'Futuro Conectado', '2011-12-11', 55, 'Como a tecnologia altera a sociedade.', 4, 'Reino Unido', 'Inglês', 4),
(12, 3, 'Sociedade Virtual', '2011-12-18', 58, 'A vida no futuro, dominada pela tecnologia.', 4, 'Reino Unido', 'Inglês', 4),
(13, 1, 'O Mistério da Morte', '2017-05-02', 50, 'Investigação sobre uma morte misteriosa.', 3, 'EUA', 'Inglês', 5),
(14, 2, 'Segredos e Mentiras', '2017-05-09', 53, 'Mais segredos são revelados.', 3, 'EUA', 'Inglês', 5),
(15, 3, 'O Jogo da Verdade', '2017-05-16', 50, 'Tentando desmascarar o responsável pelos crimes.', 3, 'EUA', 'Inglês', 5),
(16, 1, 'Nova Ordem', '2019-05-06', 42, 'Uma nova organização toma o controle.', 3, 'EUA', 'Inglês', 6),
(17, 2, 'Desespero e Perda', '2019-05-13', 46, 'A perda de um líder abala a todos.', 3, 'EUA', 'Inglês', 6),
(18, 3, 'O Retorno', '2019-05-20', 48, 'O retorno de um aliado importante.', 3, 'EUA', 'Inglês', 6),
(19, 1, 'O Começo da Destruição', '2010-07-25', 50, 'Investigação em Nova Iorque.', 3, 'EUA', 'Inglês', 7),
(20, 2, 'O Casamento Fatal', '2010-08-01', 52, 'A morte de um membro importante de uma família.', 3, 'EUA', 'Inglês', 7),
(21, 3, 'O Encontro', '2010-08-08', 55, 'O encontro entre inimigos.', 3, 'EUA', 'Inglês', 7),
(22, 1, 'A Nova Realidade', '2016-11-04', 55, 'Começo da luta pela sobrevivência.', 4, 'EUA', 'Inglês', 8),
(23, 2, 'Futuro Sem Esperança', '2016-11-11', 58, 'O futuro é incerto e perigoso.', 4, 'EUA', 'Inglês', 8),
(24, 3, 'Vingança Virtual', '2016-11-18', 60, 'Luta por controle nas redes sociais.', 4, 'EUA', 'Inglês', 8),
(25, 1, 'O Despertar', '2001-05-18', 45, 'A aventura de um novo mundo começa.', 3, 'EUA', 'Inglês', 9),
(26, 2, 'O Mistério Antigo', '2001-05-25', 48, 'Um antigo mistério surge novamente.', 3, 'EUA', 'Inglês', 9),
(27, 3, 'A Jornada Perigosa', '2001-06-01', 50, 'A jornada para um destino desconhecido.', 3, 'EUA', 'Inglês', 9),
(28, 1, 'O Começo da Amizade', '2017-10-13', 40, 'Como a amizade entre os protagonistas começa.', 3, 'França', 'Francês', 10),
(29, 2, 'Dificuldades de Crescer', '2017-10-20', 43, 'Os obstáculos enfrentados pelos amigos.', 3, 'França', 'Francês', 10),
(30, 3, 'Superando os Desafios', '2017-10-27', 45, 'Como os amigos superam seus maiores desafios.', 3, 'França', 'Francês', 10),
(31, 1, 'O Início de uma Nova Era', '2015-05-01', 50, 'Uma nova ameaça surge para a humanidade.', 3, 'EUA', 'Inglês', 11),
(32, 2, 'A Escolha Difícil', '2015-05-08', 55, 'Decisões difíceis têm que ser tomadas para a sobrevivência.', 3, 'EUA', 'Inglês', 11),
(33, 3, 'No Limite', '2015-05-15', 53, 'Os personagens são levados ao limite da sua resistência.', 3, 'EUA', 'Inglês', 11),
(34, 1, 'O Começo do Fim', '2013-09-17', 50, 'A cidade está prestes a ser destruída por um inimigo desconhecido.', 2, 'EUA', 'Inglês', 12),
(35, 2, 'Duração e Sacrifícios', '2013-09-24', 45, 'Sacrifícios são feitos para garantir a segurança dos sobreviventes.', 2, 'EUA', 'Inglês', 12),
(36, 3, 'O Retorno de um Herói', '2013-10-01', 48, 'Um herói retorna para salvar a situação.', 2, 'EUA', 'Inglês', 12),
(37, 1, 'No Auge da Luta', '2010-07-25', 60, 'A guerra contra o vilão principal se intensifica.', 3, 'EUA', 'Inglês', 13),
(38, 2, 'A Última Cartada', '2010-08-01', 55, 'É hora de jogar a última cartada para derrotar o inimigo.', 3, 'EUA', 'Inglês', 13),
(39, 3, 'O Caminho Sem Retorno', '2010-08-08', 60, 'Uma jornada de sacrifícios até a última batalha.', 3, 'EUA', 'Inglês', 13),
(40, 1, 'O Impacto Inicial', '2018-07-20', 58, 'O início de uma nova batalha entre os aliados e os inimigos.', 4, 'EUA', 'Inglês', 14),
(41, 2, 'O Avanço da Perseguição', '2018-07-27', 55, 'A perseguição implacável a todos os membros da resistência.', 4, 'EUA', 'Inglês', 14),
(42, 3, 'Vingança de um Herói', '2018-08-03', 60, 'Um herói vingador luta pela verdade e justiça.', 4, 'EUA', 'Inglês', 14),
(43, 1, 'Mundo Desconhecido', '2015-06-25', 50, 'Uma viagem para um mundo desconhecido começa.', 3, 'EUA', 'Inglês', 15),
(44, 2, 'Entre o Passado e o Futuro', '2015-07-02', 52, 'A luta entre o passado e o futuro pode mudar o curso da história.', 3, 'EUA', 'Inglês', 15),
(45, 3, 'No Limite da Desesperança', '2015-07-09', 55, 'Quando a esperança parece acabar, uma nova aliança pode surgir.', 3, 'EUA', 'Inglês', 15),
(46, 1, 'A Descida ao Inferno', '2012-06-01', 50, 'Os protagonistas começam uma jornada perigosa para salvar seus amigos.', 4, 'Reino Unido', 'Inglês', 16),
(47, 2, 'A Última Oportunidade', '2012-06-08', 52, 'A última chance de salvar a todos antes do desastre total.', 4, 'Reino Unido', 'Inglês', 16),
(48, 3, 'A Decisão Final', '2012-06-15', 55, 'O grande confronto onde tudo será decidido.', 4, 'Reino Unido', 'Inglês', 16),
(49, 1, 'O Retorno da Esperança', '2019-05-06', 60, 'Após uma longa batalha, a esperança retorna.', 3, 'EUA', 'Inglês', 17),
(50, 2, 'Encontros Improváveis', '2019-05-13', 58, 'Aliados inesperados surgem para enfrentar um novo inimigo.', 3, 'EUA', 'Inglês', 17),
(51, 3, 'O Labirinto da Verdade', '2019-05-20', 55, 'A busca pela verdade começa a revelar segredos sombrios.', 3, 'EUA', 'Inglês', 17),
(52, 1, 'O Fim do Mundo', '2020-02-10', 55, 'A luta pela sobrevivência chega ao seu ápice.', 3, 'EUA', 'Inglês', 18),
(53, 2, 'A Última Fronteira', '2020-02-17', 58, 'A jornada final para salvar o que resta do mundo.', 3, 'EUA', 'Inglês', 18),
(54, 3, 'A Grande Decisão', '2020-02-24', 60, 'A decisão que mudará o destino de todos os personagens.', 3, 'EUA', 'Inglês', 18),
(55, 1, 'O Peso da Verdade', '2021-06-14', 60, 'A verdade começa a pesar nas decisões dos protagonistas.', 3, 'EUA', 'Inglês', 19),
(56, 2, 'A Conquista Final', '2021-06-21', 55, 'A batalha final para conquistar o que foi perdido.', 3, 'EUA', 'Inglês', 19),
(57, 3, 'A Queda dos Inimigos', '2021-06-28', 58, 'Todos os inimigos caem diante da verdade.', 3, 'EUA', 'Inglês', 19),
(58, 1, 'Novos Começos', '2022-04-12', 53, 'Uma nova geração de heróis começa sua jornada.', 3, 'EUA', 'Inglês', 20),
(59, 2, 'Reencontros Inesperados', '2022-04-19', 55, 'Personagens do passado se reencontram em tempos difíceis.', 3, 'EUA', 'Inglês', 20),
(60, 3, 'O Poder do Fogo', '2022-04-26', 60, 'O poder do fogo simboliza a luta pela liberdade.', 3, 'EUA', 'Inglês', 20);

-- Inserir Lista
INSERT INTO Lista (id, nome, descricao, tipoLista, numItens, idUtilizador, nFavoritos) 
VALUES 
(1, 'Favoritos', 'Lista de favoritos.', 'Privada', 3, 1, 1),
(2, 'Assistir Depois', 'Itens para assistir mais tarde.', 'Pública', 5, 2, 0),
(3, 'Recomendações', 'Recomendações de amigos.', 'Pública', 4, 3, 1),
(4, 'Filmes Clássicos', 'Coleção de clássicos.', 'Pública', 10, 4, 3),
(5, 'Séries de Mistério', 'Mistérios imperdíveis.', 'Privada', 2, 5, 1),
(6, 'Top Filmes', 'Filmes recomendados pelos amigos.', 'Pública', 6, 1, 2),
(7, 'Séries de Comédia', 'As melhores séries de comédia para relaxar.', 'Privada', 7, 2, 1),
(8, 'Assistir em Família', 'Filmes e séries para assistir com a família.', 'Pública', 8, 3, 0),
(9, 'Clássicos da Infância', 'Filmes e séries que marcaram a infância.', 'Privada', 4, 4, 3),
(10, 'Recomendações de Séries', 'Séries que meus amigos recomendam.', 'Pública', 3, 5, 2),
(11, 'Séries de Ação', 'Adrenalina pura nas séries de ação.', 'Privada', 5, 6, 1),
(12, 'Filmes Românticos', 'Histórias de amor e emoção.', 'Pública', 9, 7, 0),
(13, 'Top Séries', 'Séries imperdíveis e mais assistidas.', 'Privada', 4, 8, 1),
(14, 'Séries de Terror', 'Para quem gosta de se assustar.', 'Pública', 6, 9, 3),
(15, 'Filmes de Ficção Científica', 'Exploração do futuro e do desconhecido.', 'Privada', 7, 10, 2),
(16, 'Top Filmes de Ação', 'Filmes de ação para uma maratona de adrenalina.', 'Privada', 6, 10, 1),
(17, 'Séries de Comédia para Relaxar', 'Melhores comédias para momentos de diversão.', 'Pública', 7, 11, 2),
(18, 'Drama e Emoção', 'Filmes e séries que tocam o coração.', 'Pública', 5, 12, 0),
(19, 'Filmes para Toda a Família', 'Filmes para assistir com a família toda.', 'Privada', 8, 13, 1),
(20, 'Recomendações de Filmes', 'Filmes recomendados por amigos.', 'Pública', 9, 14, 2),
(21, 'Clássicos da Infância', 'Séries e filmes que marcaram nossa infância.', 'Privada', 4, 15, 3),
(22, 'Filmes de Mistério e Suspense', 'Mistérios para te prender do início ao fim.', 'Privada', 5, 16, 1),
(23, 'Séries para Binge-Watching', 'Séries para maratonar de uma vez só.', 'Pública', 6, 17, 0),
(24, 'Comédias para o Fim de Semana', 'Comédias para relaxar após a semana de trabalho.', 'Privada', 4, 18, 2),
(25, 'Séries de Aventura', 'Histórias épicas de aventuras incríveis.', 'Pública', 7, 19, 1),
(26, 'Top Filmes de Ficção Científica', 'Filmes que exploram o desconhecido.', 'Privada', 6, 20, 1),
(27, 'Séries de Romance', 'Histórias de amor e relacionamentos intensos.', 'Pública', 8, 21, 3),
(28, 'Filmes de Terror', 'Para quem curte o suspense e o medo.', 'Privada', 7, 22, 2),
(29, 'Filmes de Aventura e Ação', 'Aventura e ação em cada cena.', 'Pública', 5, 23, 1),
(30, 'Recomendações para o Fim de Semana', 'Filmes e séries para o fim de semana perfeito.', 'Privada', 4, 24, 2),
(31, 'Filmes para Chorar', 'Filmes emocionantes que vão te fazer chorar.', 'Pública', 6, 25, 3);

-- Inserir Categorias
INSERT INTO Categoria (id, nome) 
VALUES 
(1, 'Ação'), 
(2, 'Comédia'), 
(3, 'Drama'), 
(4, 'Mistério'), 
(5, 'Ficção Científica'), 
(6, 'Fantasia'), 
(7, 'Animação'), 
(8, 'Romance'), 
(9, 'Suspanse'), 
(10, 'Histórico');

-- Associar Itens a Categorias
INSERT INTO ItemCategoria (idCategoria, idItem) 
VALUES 
(1, 1), 
(5, 1), 
(6, 1), 
(3, 2), 
(4, 2),         
(3, 3), 
(8, 3),         
(2, 4), 
(9, 4),         
(7, 5), 
(6, 5),         
(3, 6), 
(8, 6),         
(9, 7), 
(3, 7),         
(3, 8), 
(8, 8),          
(5, 9), 
(3, 9),         
(4, 10), 
(5, 10),
(8, 12),
(1, 13),
(4, 13),
(10, 14),
(3, 14),
(1, 15),
(3, 15),
(6, 16),
(8, 16),
(1, 17),
(9, 17),
(3, 18),
(4, 18),
(3, 19),
(10, 19),
(7, 20),
(8, 20),
(4, 21),
(5, 21),
(1, 21),
(6, 22),
(8, 22),
(1, 23),
(6, 23),
(9, 24),
(4, 24),
(10, 25),
(7, 25);

-- Inserir Plataformas
INSERT INTO Plataforma (id, nome, custo) 
VALUES 
(1, 'Netflix', 10), 
(2, 'HBO Max', 8), 
(3, 'Amazon Prime', 7), 
(4, 'Disney+', 9), 
(5, 'Apple TV+', 5), 
(6, 'Paramount+', 6);
 
-- Associar Itens a Plataformas
INSERT INTO ItemPlataforma (idPlataforma, idItem) 
VALUES 
(1, 1), 
(1, 2), 
(1, 7), 
(2, 4), 
(2, 6), 
(2, 10), 
(3, 9), 
(3, 8),         
(4, 5), 
(4, 1),        
(5, 3),                 
(6, 4),
(1, 12),
(2, 13),
(3, 14),
(2, 15),
(4, 16),
(1, 17),
(3, 18),
(4, 19),
(1, 20),
(2, 21),
(6, 22),
(3, 23),
(5, 24),
(4, 25);                               

-- Associar lista com utilizador
INSERT INTO Favorito (idLista, idUtilizador)
VALUES 
(1, 1), 
(1, 2), 
(2, 3), 
(2, 4), 
(3, 5), 
(3, 6), 
(4, 7), 
(4, 8), 
(5, 9), 
(5, 10),
(6, 11), 
(6, 12),
(7, 13),
(7, 14),
(8, 15),
(8, 16),
(9, 17),
(9, 18),
(10, 19),
(10, 20),
(11, 21),
(11, 22),
(12, 23),
(12, 24),
(13, 25),
(13, 9),
(14, 1),
(14, 2),
(15, 3),
(15, 4),
(16, 5),
(16, 6),
(17, 7),
(17, 8),
(18, 9),
(18, 10),
(19, 11),
(19, 12),
(20, 13),
(20, 14),
(21, 15),
(21, 16),
(22, 17),
(22, 18),
(23, 19),
(23, 20),
(24, 21),
(24, 22),
(25, 23),
(25, 24),
(26, 25),
(26, 1),
(27, 2),
(27, 3),
(28, 4),
(28, 5),
(29, 6),
(29, 7),
(30, 8),
(30, 9),
(31, 10),
(31, 11);

-- Inserir Adições
INSERT INTO Adicao (idLista, idItem, dataAdicao)
VALUES 
(1, 1, '2024-01-01'), 
(1, 2, '2024-01-02'), 
(1, 3, '2024-01-03'),
(2, 4, '2024-01-04'), 
(2, 5, '2024-01-05'), 
(2, 6, '2024-01-06'),
(3, 7, '2024-01-07'), 
(3, 8, '2024-01-08'), 
(4, 9, '2024-01-09'),
(5, 10, '2024-01-10'),
(6, 11, '2024-01-11'), 
(6, 12, '2024-01-12'), 
(7, 13, '2024-01-13'),
(7, 14, '2024-01-14'), 
(8, 15, '2024-01-15'), 
(8, 16, '2024-01-16'),
(9, 17, '2024-01-17'), 
(9, 18, '2024-01-18'), 
(10, 19, '2024-01-19'),
(10, 20, '2024-01-20'),
(11, 21, '2024-01-21'),
(11, 22, '2024-01-22'),
(12, 23, '2024-01-23'),
(12, 24, '2024-01-24'),
(13, 25, '2024-01-25'),
(13, 1, '2024-01-26'),
(14, 2, '2024-01-27'),
(14, 3, '2024-01-28'),
(15, 4, '2024-01-29'),
(15, 5, '2024-01-30'),
(16, 6, '2024-01-31'),
(16, 7, '2024-02-01'),
(17, 8, '2024-02-02'),
(17, 9, '2024-02-03'),
(18, 10, '2024-02-04'),
(18, 11, '2024-02-05'),
(19, 12, '2024-02-06'),
(19, 13, '2024-02-07'),
(20, 14, '2024-02-08'),
(21, 15, '2024-02-09'),
(21, 16, '2024-02-10'),
(22, 17, '2024-02-11'),
(22, 18, '2024-02-12'),
(23, 19, '2024-02-13'),
(23, 20, '2024-02-14'),
(24, 21, '2024-02-15'),
(24, 22, '2024-02-16'),
(25, 23, '2024-02-17'),
(25, 24, '2024-02-18'),
(26, 25, '2024-02-19'),
(26, 1, '2024-02-20'),
(27, 2, '2024-02-21'),
(27, 3, '2024-02-22'),
(28, 4, '2024-02-23'),
(28, 5, '2024-02-24'),
(29, 6, '2024-02-25'),
(29, 7, '2024-02-26'),
(30, 8, '2024-02-27'),
(30, 9, '2024-02-28'),
(31, 10, '2024-02-29'),
(31, 11, '2024-03-01');

-- Inserir Participantes
INSERT INTO Participante (id, nome, dataNascimento, genero, biografia, profissao, nProjetos) 
VALUES 
(1, 'J.K. Rowling', '1965-07-31', 'F', 'Escritora renomada.', 'Escritora', 10),
(2, 'Keegan-Michael Key', '1971-03-22', 'M', 'Diretor premiado.', 'Diretor', 15),
(3, 'James Francis Ginty', '1980-12-04', 'M', 'Ator versátil.', 'Ator', 20),
(4, 'Nava Mau', '1992-05-14', 'F', 'Atriz revelação.', 'Atriz', 5),
(5, 'James Connel', '1985-09-10', 'M', 'Roteirista criativo.', 'Roteirista', 12),
(6, 'Francis Steel', '1978-11-03', 'F', 'Cineasta independente.', 'Diretor', 8),
(7, 'Brenda Sparks', '1990-01-25', 'F', 'Produtora de séries.', 'Produtora', 7),
(8, 'Jefferson Guedez', '2000-06-19', 'M', 'Novo talento.', 'Ator', 3),
(9, 'Christopher Evans', '1982-02-18', 'M', 'Diretor de fotografia.', 'Cinegrafista', 9),
(10, 'Mary Tucker', '1976-08-30', 'F', 'Especialista em efeitos visuais.', 'Técnica', 6),
(11, 'Alice Barlow', '1990-10-25', 'F', 'Atriz premiada em filmes independentes.', 'Atriz', 18),
(12, 'Ethan Cole', '1988-02-13', 'M', 'Roteirista inovador em comédias.', 'Roteirista', 14),
(13, 'Isabella Torres', '1995-06-05', 'F', 'Atriz de grandes produções internacionais.', 'Atriz', 22),
(14, 'Gabriel D’Angelo', '1991-11-14', 'M', 'Roteirista conhecido por seus thrillers psicológicos.', 'Roteirista', 16),
(15, 'Michael Garrison', '1980-07-02', 'M', 'Ator com diversas indicações ao prêmio de melhor ator.', 'Ator', 24),
(16, 'Sophia Williams', '1984-09-21', 'F', 'Atriz talentosa em filmes de ação.', 'Atriz', 20),
(17, 'Liam Holden', '1993-03-30', 'M', 'Roteirista e produtor de filmes de ficção científica.', 'Roteirista', 10),
(18, 'Olivia Jones', '1987-05-17', 'F', 'Atriz experiente em drama e comédia.', 'Atriz', 25),
(19, 'Evan Scott', '1997-09-09', 'M', 'Roteirista e diretor independente com estilo único.', 'Roteirista', 7),
(20, 'Aiden Black', '1990-12-08', 'M', 'Ator jovem com uma carreira promissora em filmes de ação.', 'Ator', 12);

-- Associar Participantes a Itens
INSERT INTO Participacao (idParticipante, idItem) 
VALUES 
(1, 1), 
(2, 1), 
(3, 1), 
(4, 2), 
(5, 2), 
(6, 2), 
(3, 3), 
(4, 3),       
(2, 4), 
(7, 4),        
(1, 5), 
(3, 5), 
(8, 5), 
(6, 6), 
(9, 6),         
(2, 7), 
(10, 7),        
(8, 8), 
(4, 8),         
(1, 9), 
(5, 9),         
(3, 10), 
(7, 10),
(11, 11), 
(12, 11), 
(13, 12), 
(14, 12), 
(15, 13), 
(16, 13), 
(17, 14), 
(18, 14), 
(19, 15), 
(20, 15), 
(11, 16), 
(12, 16), 
(13, 17), 
(14, 17), 
(15, 18), 
(16, 18), 
(17, 19), 
(18, 19), 
(19, 20), 
(20, 20);       

-- Inserir Atividades
INSERT INTO Atividade (idUtilizador, idItem, rating, dataInicio, dataFim, progresso, critica) 
VALUES 
(1, 1, 9, '2024-01-01', '2024-01-02', 100, 'Adorei o filme!'),
(1, 3, 4, '2024-01-01', '2024-01-02', 100, 'Filme chato...'),
(2, 2, 8, '2024-01-03', '2024-01-04', 90, 'Muito emocionante.'),
(3, 3, 7, '2024-01-05', '2024-01-06', 80, 'Inspirador.'),
(4, 4, 6, '2024-01-07', '2024-01-08', 80, 'Riso garantido.'),
(5, 5, 10, '2024-01-09', '2024-01-10', 100, 'Perfeito para todas as idades.'),
(6, 6, 8, '2024-01-11', '2024-01-12', 100, 'Lindo e emocionante.'),
(7, 7, 10, '2024-01-13', '2024-01-14', 100, 'O melhor de todos!'),
(8, 8, 9, '2024-01-15', '2024-01-16', 70, 'Uma bela história.'),
(9, 9, 10, '2024-01-17', '2024-01-18', 70, 'Impressionante!'),
(10, 10, 8, '2024-01-19', '2024-01-20', 90, 'Cativante.'),
(11, 11, 9, '2024-01-21', '2024-01-22', 85, 'Muito bom, mas poderia ser mais curto.'),
(12, 12, 7, '2024-01-23', '2024-01-24', 60, 'Acho que faltou algo no enredo.'),
(13, 13, 8, '2024-01-25', '2024-01-26', 90, 'Excelente filme, bem feito!'),
(14, 14, 9, '2024-01-27', '2024-01-28', 100, 'A história é incrível, adorei.'),
(15, 15, 6, '2024-01-29', '2024-01-30', 50, 'O início é bom, mas ficou cansativo.'),
(16, 16, 8, '2024-01-31', '2024-02-01', 75, 'Uma boa história, mas o final deixou a desejar.'),
(17, 17, 9, '2024-02-02', '2024-02-03', 100, 'Muito emocionante, gostei bastante.'),
(18, 18, 7, '2024-02-04', '2024-02-05', 80, 'A história é interessante, mas poderia ser mais desenvolvida.'),
(19, 19, 10, '2024-02-06', '2024-02-07', 95, 'Um dos melhores filmes que já vi!'),
(20, 20, 6, '2024-02-08', '2024-02-09', 65, 'Achei o filme bom, mas não tão impactante como eu esperava.'),
(21, 21, 8, '2024-02-10', '2024-02-11', 100, 'Uma animação incrível, história emocionante!'),
(22, 22, 10, '2024-02-12', '2024-02-13', 90, 'Muito engraçado, adorei o desenvolvimento dos personagens.'),
(23, 23, 9, '2024-02-14', '2024-02-15', 70, 'História interessante, mas esperava mais ação.'),
(24, 24, 8, '2024-02-16', '2024-02-17', 80, 'A série é boa, mas poderia ter mais surpresas.'),
(25, 25, 9, '2024-02-18', '2024-02-19', 100, 'Excelente produção e enredo.'),
(11, 19, 8, '2024-02-20', '2024-02-21', 90, 'Muito bom, mas o final foi previsível.'),
(12, 21, 7, '2024-02-22', '2024-02-23', 60, 'A história não me prendeu tanto.'),
(13, 22, 10, '2024-02-24', '2024-02-25', 95, 'Muito engraçado, personagens cativantes.'),
(14, 23, 6, '2024-02-26', '2024-02-27', 50, 'Esperava mais desenvolvimento na trama.'),
(15, 24, 9, '2024-02-28', '2024-02-29', 100, 'Uma série excelente, cheia de reviravoltas!'),
(16, 1, 9, '2024-03-01', '2024-03-02', 70, 'Filme excelente, mas achei o final um pouco previsível.'),
(17, 2, 8, '2024-03-03', '2024-03-04', 80, 'Boa trama, mas faltou mais desenvolvimento de personagens.'),
(18, 3, 7, '2024-03-05', '2024-03-06', 60, 'Interessei-me pela história, mas o ritmo foi um pouco lento.'),
(19, 4, 9, '2024-03-07', '2024-03-08', 100, 'Muito emocionante, adorei os personagens e o enredo.'),
(20, 5, 8, '2024-03-09', '2024-03-10', 90, 'Uma animação incrível, adorei a história.'),
(21, 6, 10, '2024-03-11', '2024-03-12', 95, 'Adorei cada minuto do filme, muito envolvente.'),
(22, 7, 6, '2024-03-13', '2024-03-14', 50, 'A história é boa, mas achei o ritmo muito lento.'),
(23, 8, 9, '2024-03-15', '2024-03-16', 85, 'Divertido, mas poderia ter mais surpresas no enredo.'),
(24, 9, 10, '2024-03-17', '2024-03-18', 90, 'Impressionante, a história e os efeitos foram excepcionais.'),
(25, 10, 8, '2024-03-19', '2024-03-20', 80, 'Cativante, mas poderia ser mais dinâmico.');